{"payload":{"installed_packages":["aiohappyeyeballs==2.6.1","aiohttp==3.13.2","aiosignal==1.4.0","annotated-types==0.7.0","antlr4-python3-runtime==4.9.3","anyio==4.12.0","async-timeout==5.0.1","attrs==25.4.0","black==25.12.0","certifi==2025.11.12","cffi==2.0.0","cfgv==3.5.0","charset-normalizer==3.4.4","click==8.3.1","comet_ml==3.55.0","configobj==5.0.9","contourpy==1.3.2","cycler==0.12.1","datasets==4.4.2","dill==0.4.0","distlib==0.4.0","dulwich==0.25.0","everett==3.1.0","exceptiongroup==1.3.1","filelock==3.20.1","fonttools==4.61.1","frozenlist==1.8.0","fsspec==2025.10.0","gitdb==4.0.12","gitpython==3.1.45","h11==0.16.0","hf-xet==1.2.0","httpcore==1.0.9","httpx==0.28.1","huggingface_hub==1.2.3","hydra-core==1.3.2","identify==2.6.15","idna==3.11","isort==7.0.0","jinja2==3.1.6","jsonschema==4.25.1","jsonschema-specifications==2025.9.1","julius==0.2.7","kiwisolver==1.4.9","markdown-it-py==4.0.0","markupsafe==3.0.3","matplotlib==3.10.8","mdurl==0.1.2","mpmath==1.3.0","multidict==6.7.0","multiprocess==0.70.18","mypy_extensions==1.1.0","networkx==3.4.2","nodeenv==1.10.0","numpy==1.26.4","omegaconf==2.3.0","packaging==25.0","pandas==2.3.3","pathspec==0.12.1","pillow==12.0.0","pip==23.2.1","platformdirs==4.5.1","pre_commit==4.5.1","primepy==1.3","propcache==0.4.1","protobuf==6.33.2","psutil==7.1.3","pyarrow==22.0.0","pycparser==2.23","pydantic==2.12.5","pydantic_core==2.41.5","pygments==2.19.2","pyparsing==3.3.1","python-box==6.1.0","python-dateutil==2.9.0.post0","pytokens==0.3.0","pytz==2025.2","pyyaml==6.0.3","referencing==0.37.0","requests==2.32.5","requests-toolbelt==1.0.0","rich==14.2.0","rpds-py==0.30.0","semantic-version==2.10.0","sentry-sdk==2.48.0","setuptools==68.2.0","shellingham==1.5.4","simplejson==3.20.2","six==1.17.0","smmap==5.0.2","soundfile==0.13.1","sympy==1.14.0","tomli==2.3.0","torch==2.2.0","torch-audiomentations==0.12.0","torch_pitch_shift==1.2.5","torchaudio==2.2.0","torchvision==0.17.0","tqdm==4.67.1","typer-slim==0.20.1","typing-inspection==0.4.2","typing_extensions==4.15.0","tzdata==2025.3","urllib3==2.6.2","virtualenv==20.35.4","wandb==0.23.1","wget==3.2","wheel==0.41.2","wrapt==2.0.1","wurlitzer==3.1.1","xxhash==3.6.0","yarl==1.22.0"],"message_id":1},"type":"installed_packages"}
{"payload":{"command":["train.py","-cn=baseline","datasets=example_onebatchtest","trainer.n_epochs=10","trainer.override=True","writer=cometml"],"env":null,"hostname":"MacBook-Pro-Vlad.local","ip":"10.18.198.160","machine":"arm64","message_id":2,"os":"macOS-14.4-arm64-arm-64bit","os_release":"23.4.0","os_type":"Darwin","pid":38131,"processor":"arm","python_exe":"/Users/vlad/Documents/Web/hse-dl-audio/.venv/bin/python3","python_version":"3.10.11","python_version_verbose":"3.10.11 (v3.10.11:7d4cc5aa85, Apr  4 2023, 19:05:19) [Clang 13.0.0 (clang-1300.0.29.30)]","user":"vlad"},"type":"system_details"}
{"payload":{"local_timestamp":1766604197883,"message_id":3,"metric":{"epoch":null,"metricName":"sys.cpu.percent.avg","metricValue":0.0,"step":null}},"type":"metric_msg"}
{"payload":{"local_timestamp":1766604197884,"message_id":4,"metric":{"epoch":null,"metricName":"sys.ram.total","metricValue":19327352832,"step":null}},"type":"metric_msg"}
{"payload":{"local_timestamp":1766604197884,"message_id":5,"metric":{"epoch":null,"metricName":"sys.ram.used","metricValue":16100048896,"step":null}},"type":"metric_msg"}
{"payload":{"local_timestamp":1766604197884,"message_id":6,"metric":{"epoch":null,"metricName":"sys.ram.available","metricValue":3227303936,"step":null}},"type":"metric_msg"}
{"payload":{"local_timestamp":1766604197884,"message_id":7,"metric":{"epoch":null,"metricName":"sys.ram.percent.used","metricValue":83.3,"step":null}},"type":"metric_msg"}
{"payload":{"local_timestamp":1766604197884,"message_id":8,"metric":{"epoch":null,"metricName":"sys.load.avg","metricValue":3.01611328125,"step":null}},"type":"metric_msg"}
{"payload":{"local_timestamp":1766604197885,"message_id":9,"param":{"paramName":"cn","paramValue":"baseline","source":"cli","step":null}},"type":"parameter_msg"}
{"payload":{"local_timestamp":1766604197886,"message_id":10,"param":{"paramName":"datasets","paramValue":"example_onebatchtest","source":"cli","step":null}},"type":"parameter_msg"}
{"payload":{"local_timestamp":1766604197886,"message_id":11,"param":{"paramName":"trainer.n_epochs","paramValue":10,"source":"cli","step":null}},"type":"parameter_msg"}
{"payload":{"local_timestamp":1766604197886,"message_id":12,"param":{"paramName":"trainer.override","paramValue":true,"source":"cli","step":null}},"type":"parameter_msg"}
{"payload":{"local_timestamp":1766604197886,"message_id":13,"param":{"paramName":"writer","paramValue":"cometml","source":"cli","step":null}},"type":"parameter_msg"}
{"payload":{"key":"offline_experiment","message_id":14,"value":true},"type":"log_other"}
{"payload":{"key":"Name","message_id":15,"value":"testing"},"type":"log_other"}
{"payload":{"key":"hasNestedParams","message_id":16,"value":true},"type":"log_other"}
{"payload":{"local_timestamp":1766604197886,"message_id":17,"param":{"paramName":"dataloader|_target_","paramValue":"torch.utils.data.DataLoader","source":"manual","step":null}},"type":"parameter_msg"}
{"payload":{"local_timestamp":1766604197886,"message_id":18,"param":{"paramName":"dataloader|batch_size","paramValue":10,"source":"manual","step":null}},"type":"parameter_msg"}
{"payload":{"local_timestamp":1766604197886,"message_id":19,"param":{"paramName":"dataloader|num_workers","paramValue":2,"source":"manual","step":null}},"type":"parameter_msg"}
{"payload":{"local_timestamp":1766604197886,"message_id":20,"param":{"paramName":"dataloader|pin_memory","paramValue":true,"source":"manual","step":null}},"type":"parameter_msg"}
{"payload":{"local_timestamp":1766604197886,"message_id":21,"param":{"paramName":"datasets|train|_target_","paramValue":"src.datasets.ExampleDataset","source":"manual","step":null}},"type":"parameter_msg"}
{"payload":{"local_timestamp":1766604197886,"message_id":22,"param":{"paramName":"datasets|train|dataset_length","paramValue":15,"source":"manual","step":null}},"type":"parameter_msg"}
{"payload":{"local_timestamp":1766604197886,"message_id":23,"param":{"paramName":"datasets|train|input_length","paramValue":1024,"source":"manual","step":null}},"type":"parameter_msg"}
{"payload":{"local_timestamp":1766604197886,"message_id":24,"param":{"paramName":"datasets|train|limit","paramValue":10,"source":"manual","step":null}},"type":"parameter_msg"}
{"payload":{"local_timestamp":1766604197886,"message_id":25,"param":{"paramName":"datasets|train|n_classes","paramValue":10,"source":"manual","step":null}},"type":"parameter_msg"}
{"payload":{"local_timestamp":1766604197886,"message_id":26,"param":{"paramName":"datasets|train|name","paramValue":"val","source":"manual","step":null}},"type":"parameter_msg"}
{"payload":{"local_timestamp":1766604197886,"message_id":27,"param":{"paramName":"datasets|val|_target_","paramValue":"src.datasets.ExampleDataset","source":"manual","step":null}},"type":"parameter_msg"}
{"payload":{"local_timestamp":1766604197886,"message_id":28,"param":{"paramName":"datasets|val|dataset_length","paramValue":15,"source":"manual","step":null}},"type":"parameter_msg"}
{"payload":{"local_timestamp":1766604197886,"message_id":29,"param":{"paramName":"datasets|val|input_length","paramValue":1024,"source":"manual","step":null}},"type":"parameter_msg"}
{"payload":{"local_timestamp":1766604197886,"message_id":30,"param":{"paramName":"datasets|val|limit","paramValue":10,"source":"manual","step":null}},"type":"parameter_msg"}
{"payload":{"local_timestamp":1766604197886,"message_id":31,"param":{"paramName":"datasets|val|n_classes","paramValue":10,"source":"manual","step":null}},"type":"parameter_msg"}
{"payload":{"local_timestamp":1766604197886,"message_id":32,"param":{"paramName":"datasets|val|name","paramValue":"val","source":"manual","step":null}},"type":"parameter_msg"}
{"payload":{"local_timestamp":1766604197886,"message_id":33,"param":{"paramName":"loss_function|_target_","paramValue":"src.loss.CTCLossWrapper","source":"manual","step":null}},"type":"parameter_msg"}
{"payload":{"local_timestamp":1766604197886,"message_id":34,"param":{"paramName":"lr_scheduler|_target_","paramValue":"torch.optim.lr_scheduler.OneCycleLR","source":"manual","step":null}},"type":"parameter_msg"}
{"payload":{"local_timestamp":1766604197886,"message_id":35,"param":{"paramName":"lr_scheduler|anneal_strategy","paramValue":"cos","source":"manual","step":null}},"type":"parameter_msg"}
{"payload":{"local_timestamp":1766604197886,"message_id":36,"param":{"paramName":"lr_scheduler|epochs","paramValue":"${trainer.n_epochs}","source":"manual","step":null}},"type":"parameter_msg"}
{"payload":{"local_timestamp":1766604197886,"message_id":37,"param":{"paramName":"lr_scheduler|max_lr","paramValue":0.01,"source":"manual","step":null}},"type":"parameter_msg"}
{"payload":{"local_timestamp":1766604197886,"message_id":38,"param":{"paramName":"lr_scheduler|pct_start","paramValue":0.1,"source":"manual","step":null}},"type":"parameter_msg"}
{"payload":{"local_timestamp":1766604197886,"message_id":39,"param":{"paramName":"lr_scheduler|steps_per_epoch","paramValue":"${trainer.epoch_len}","source":"manual","step":null}},"type":"parameter_msg"}
{"payload":{"local_timestamp":1766604197886,"message_id":40,"params":{"paramName":"metrics|inference","paramValue":[{"_target_":"src.metrics.ArgmaxCERMetric","name":"CER_(Argmax)"},{"_target_":"src.metrics.ArgmaxWERMetric","name":"WER_(Argmax)"}],"source":"manual","step":null}},"type":"parameter_msg"}
{"payload":{"local_timestamp":1766604197886,"message_id":41,"params":{"paramName":"metrics|train","paramValue":[],"source":"manual","step":null}},"type":"parameter_msg"}
{"payload":{"local_timestamp":1766604197886,"message_id":42,"param":{"paramName":"model|_target_","paramValue":"src.model.BaselineModel","source":"manual","step":null}},"type":"parameter_msg"}
{"payload":{"local_timestamp":1766604197886,"message_id":43,"param":{"paramName":"model|fc_hidden","paramValue":512,"source":"manual","step":null}},"type":"parameter_msg"}
{"payload":{"local_timestamp":1766604197886,"message_id":44,"param":{"paramName":"model|n_feats","paramValue":128,"source":"manual","step":null}},"type":"parameter_msg"}
{"payload":{"local_timestamp":1766604197886,"message_id":45,"param":{"paramName":"optimizer|_target_","paramValue":"torch.optim.AdamW","source":"manual","step":null}},"type":"parameter_msg"}
{"payload":{"local_timestamp":1766604197886,"message_id":46,"param":{"paramName":"optimizer|lr","paramValue":0.0003,"source":"manual","step":null}},"type":"parameter_msg"}
{"payload":{"local_timestamp":1766604197886,"message_id":47,"param":{"paramName":"text_encoder|_target_","paramValue":"src.text_encoder.CTCTextEncoder","source":"manual","step":null}},"type":"parameter_msg"}
{"payload":{"local_timestamp":1766604197886,"message_id":48,"param":{"paramName":"trainer|device","paramValue":"auto","source":"manual","step":null}},"type":"parameter_msg"}
{"payload":{"local_timestamp":1766604197886,"message_id":49,"params":{"paramName":"trainer|device_tensors","paramValue":["spectrogram","text_encoded"],"source":"manual","step":null}},"type":"parameter_msg"}
{"payload":{"local_timestamp":1766604197886,"message_id":50,"param":{"paramName":"trainer|early_stop","paramValue":"${trainer.n_epochs}","source":"manual","step":null}},"type":"parameter_msg"}
{"payload":{"local_timestamp":1766604197886,"message_id":51,"param":{"paramName":"trainer|epoch_len","paramValue":200,"source":"manual","step":null}},"type":"parameter_msg"}
{"payload":{"local_timestamp":1766604197886,"message_id":52,"param":{"paramName":"trainer|log_step","paramValue":50,"source":"manual","step":null}},"type":"parameter_msg"}
{"payload":{"local_timestamp":1766604197886,"message_id":53,"param":{"paramName":"trainer|monitor","paramValue":"min val_WER_(Argmax)","source":"manual","step":null}},"type":"parameter_msg"}
{"payload":{"local_timestamp":1766604197886,"message_id":54,"param":{"paramName":"trainer|n_epochs","paramValue":10,"source":"manual","step":null}},"type":"parameter_msg"}
{"payload":{"local_timestamp":1766604197886,"message_id":55,"param":{"paramName":"trainer|override","paramValue":true,"source":"manual","step":null}},"type":"parameter_msg"}
{"payload":{"local_timestamp":1766604197886,"message_id":56,"param":{"paramName":"trainer|resume_from","paramValue":null,"source":"manual","step":null}},"type":"parameter_msg"}
{"payload":{"local_timestamp":1766604197886,"message_id":57,"param":{"paramName":"trainer|save_dir","paramValue":"saved","source":"manual","step":null}},"type":"parameter_msg"}
{"payload":{"local_timestamp":1766604197886,"message_id":58,"param":{"paramName":"trainer|save_period","paramValue":5,"source":"manual","step":null}},"type":"parameter_msg"}
{"payload":{"local_timestamp":1766604197886,"message_id":59,"param":{"paramName":"trainer|seed","paramValue":1,"source":"manual","step":null}},"type":"parameter_msg"}
{"payload":{"local_timestamp":1766604197886,"message_id":60,"param":{"paramName":"transforms|batch_transforms|inference","paramValue":null,"source":"manual","step":null}},"type":"parameter_msg"}
{"payload":{"local_timestamp":1766604197886,"message_id":61,"param":{"paramName":"transforms|batch_transforms|train","paramValue":null,"source":"manual","step":null}},"type":"parameter_msg"}
{"payload":{"local_timestamp":1766604197886,"message_id":62,"param":{"paramName":"transforms|instance_transforms|inference|get_spectrogram|_target_","paramValue":"torchaudio.transforms.MelSpectrogram","source":"manual","step":null}},"type":"parameter_msg"}
{"payload":{"local_timestamp":1766604197886,"message_id":63,"param":{"paramName":"transforms|instance_transforms|inference|get_spectrogram|sample_rate","paramValue":16000,"source":"manual","step":null}},"type":"parameter_msg"}
{"payload":{"local_timestamp":1766604197886,"message_id":64,"param":{"paramName":"transforms|instance_transforms|train|audio|_target_","paramValue":"torchvision.transforms.v2.Compose","source":"manual","step":null}},"type":"parameter_msg"}
{"payload":{"local_timestamp":1766604197886,"message_id":65,"params":{"paramName":"transforms|instance_transforms|train|audio|transforms","paramValue":[{"_target_":"src.transforms.wav_augs.Gain"}],"source":"manual","step":null}},"type":"parameter_msg"}
{"payload":{"local_timestamp":1766604197886,"message_id":66,"param":{"paramName":"transforms|instance_transforms|train|get_spectrogram|_target_","paramValue":"torchaudio.transforms.MelSpectrogram","source":"manual","step":null}},"type":"parameter_msg"}
{"payload":{"local_timestamp":1766604197886,"message_id":67,"param":{"paramName":"transforms|instance_transforms|train|get_spectrogram|sample_rate","paramValue":16000,"source":"manual","step":null}},"type":"parameter_msg"}
{"payload":{"local_timestamp":1766604197886,"message_id":68,"param":{"paramName":"writer|_target_","paramValue":"src.logger.CometMLWriter","source":"manual","step":null}},"type":"parameter_msg"}
{"payload":{"local_timestamp":1766604197886,"message_id":69,"param":{"paramName":"writer|id_length","paramValue":32,"source":"manual","step":null}},"type":"parameter_msg"}
{"payload":{"local_timestamp":1766604197887,"message_id":70,"param":{"paramName":"writer|log_checkpoints","paramValue":false,"source":"manual","step":null}},"type":"parameter_msg"}
{"payload":{"local_timestamp":1766604197887,"message_id":71,"params":{"paramName":"writer|loss_names","paramValue":["loss"],"source":"manual","step":null}},"type":"parameter_msg"}
{"payload":{"local_timestamp":1766604197887,"message_id":72,"param":{"paramName":"writer|mode","paramValue":"offline","source":"manual","step":null}},"type":"parameter_msg"}
{"payload":{"local_timestamp":1766604197887,"message_id":73,"param":{"paramName":"writer|offline_directory","paramValue":"comet_logs","source":"manual","step":null}},"type":"parameter_msg"}
{"payload":{"local_timestamp":1766604197887,"message_id":74,"param":{"paramName":"writer|project_name","paramValue":"pytorch_template_asr_example","source":"manual","step":null}},"type":"parameter_msg"}
{"payload":{"local_timestamp":1766604197887,"message_id":75,"param":{"paramName":"writer|run_name","paramValue":"testing","source":"manual","step":null}},"type":"parameter_msg"}
{"payload":{"local_timestamp":1766604197888,"message_id":76,"param":{"paramName":"writer|workspace","paramValue":null,"source":"manual","step":null}},"type":"parameter_msg"}
{"payload":{"local_timestamp":1766604197891,"message_id":77,"output":"Error executing job with overrides: ['datasets=example_onebatchtest', 'trainer.n_epochs=10', 'trainer.override=True', 'writer=cometml']\n","stderr":true},"type":"standard_output"}
{"payload":{"local_timestamp":1766604197892,"message_id":78,"output":"Error locating target 'src.datasets.ExampleDataset', set env var HYDRA_FULL_ERROR=1 to see chained exception.\nfull_key: datasets.train\n","stderr":true},"type":"standard_output"}
{"payload":{"local_timestamp":1766604197892,"message_id":79,"output":"\nSet the environment variable HYDRA_FULL_ERROR=1 for a complete stack trace.\n","stderr":true},"type":"standard_output"}
{"payload":{"local_timestamp":1766604197892,"message_id":80,"output":"COMET INFO: The process of logging environment details (conda environment, git patch) is underway. Please be patient as this may take some time.\n","stderr":true},"type":"standard_output"}
{"payload":{"git_metadata":{"branch":"refs/heads/main","origin":"git@github.com:Vladislav747/hw2-dl-audio.git","parent":"ad893c4c39c73c3e5207a0993daabe78d8c9095c","repo_name":"hw2-dl-audio","root":"ea2d00d602751b0bcd707a3431f4b9facf48879d","status":null,"user":"\u0412\u043b\u0430\u0434\u0438\u0441\u043b\u0430\u0432 \u041a\u0443\u0434\u0440\u044f\u043a\u043e\u0432"},"message_id":81},"type":"git_metadata"}
{"payload":{"key":"sys.already_imported_modules","message_id":82,"value":"[\"torch\"]"},"type":"log_other"}
{"payload":{"local_timestamp":1766604197933,"message_id":83,"metric":{"epoch":null,"metricName":"process duration","metricValue":3,"step":null}},"type":"metric_msg"}
{"payload":{"local_timestamp":1766604198091,"message_id":84,"metric":{"epoch":null,"metricName":"sys.disk.root.used","metricValue":13525618688,"step":null}},"type":"metric_msg"}
{"payload":{"local_timestamp":1766604198091,"message_id":85,"metric":{"epoch":null,"metricName":"sys.disk.root.percent.used","metricValue":9.3,"step":null}},"type":"metric_msg"}
